analysis_report_with_image.jrxml	subreport_destanalysisgroup.jasper
basic_condition_report_with_image.jrxml	subreport_envconditionnotegroup.jasper
comprehensive_condition_report_with_image.jrxml	subreport_related_conditionrecords.jrxml
comprehensive_condition_report_with_image.jrxml	subreport_related_conservationrecords.jrxml
extended_condition_report_with_image.jrxml	subreport_envconditionnotegroup.jasper
extended_condition_report_with_image.jrxml	subreport_hazard.jasper
individual_treatment_report_with_image.jrxml	subreport_examinationgroup.jasper
subreport_related_conditionrecords.jrxml	subreport_envconditionnotegroup.jasper
subreport_related_conditionrecords.jrxml	subreport_hazard.jasper
subreport_related_conservationrecords.jrxml	subreport_examinationgroup.jasper
subreport_related_conservationrecords.jrxml	subreport_destanalysisgroup.jasper
subreport_value_ccrc.jrxml	subreport_value_ccrc.jrxml
subreport_value_lab.jrxml	subreport_value_lab.jrxml
subreport_value_museum.jrxml	subreport_value_museum.jrxml
